original,new
DJI_M300_H20t_0001.jpg,000.jpg
DJI_M300_H20t_0002.jpg,001.jpg
DJI_M300_H20t_0003.jpg,002.jpg
DJI_M300_H20t_0004.jpg,003.jpg
DJI_M300_H20t_0005.jpg,004.jpg
DJI_M300_H20t_0006.jpg,005.jpg
DJI_M300_H20t_0007.jpg,006.jpg
DJI_M300_H20t_0008.jpg,007.jpg
DJI_M300_H20t_0009.jpg,008.jpg
DJI_M300_H20t_0010.jpg,009.jpg
DJI_M300_H20t_0011.jpg,010.jpg
DJI_M300_H20t_0012.jpg,011.jpg
DJI_M300_H20t_0013.jpg,012.jpg
DJI_M300_H20t_0014.jpg,013.jpg
DJI_M300_H20t_0015.jpg,014.jpg
DJI_M300_H20t_0016.jpg,015.jpg
DJI_M300_H20t_0017.jpg,016.jpg
DJI_M300_H20t_0018.jpg,017.jpg
DJI_M300_H20t_0019.jpg,018.jpg
DJI_M300_H20t_0020.jpg,019.jpg
DJI_M300_H20t_0021.jpg,020.jpg
DJI_M300_H20t_0022.jpg,021.jpg
DJI_M300_H20t_0023.jpg,022.jpg
DJI_M300_H20t_0024.jpg,023.jpg
DJI_M300_H20t_0025.jpg,024.jpg
DJI_M300_H20t_0026.jpg,025.jpg
DJI_M300_H20t_0027.jpg,026.jpg
DJI_M300_H20t_0028.jpg,027.jpg
DJI_M300_H20t_0029.jpg,028.jpg
DJI_M300_H20t_0030.jpg,029.jpg
DJI_M300_H20t_0031.jpg,030.jpg
DJI_M300_H20t_0032.jpg,031.jpg
DJI_M300_H20t_0033.jpg,032.jpg
DJI_M300_H20t_0034.jpg,033.jpg
DJI_M300_H20t_0035.jpg,034.jpg
DJI_M300_H20t_0036.jpg,035.jpg
DJI_M300_H20t_0037.jpg,036.jpg
DJI_M300_H20t_0038.jpg,037.jpg
DJI_M300_H20t_0039.jpg,038.jpg
DJI_M300_H20t_0040.jpg,039.jpg
DJI_M300_H20t_0041.jpg,040.jpg
DJI_M300_H20t_0042.jpg,041.jpg
DJI_M300_H20t_0043.jpg,042.jpg
DJI_M300_H20t_0044.jpg,043.jpg
DJI_M300_H20t_0045.jpg,044.jpg
DJI_M300_H20t_0046.jpg,045.jpg
DJI_M300_H20t_0047.jpg,046.jpg
DJI_M300_H20t_0048.jpg,047.jpg
DJI_M300_H20t_0049.jpg,048.jpg
DJI_M300_H20t_0050.jpg,049.jpg
DJI_M300_H20t_0051.jpg,050.jpg
DJI_M300_H20t_0052.jpg,051.jpg
DJI_M300_H20t_0053.jpg,052.jpg
DJI_M300_H20t_0054.jpg,053.jpg
DJI_M300_H20t_0055.jpg,054.jpg
DJI_M300_H20t_0056.jpg,055.jpg
DJI_M300_H20t_0057.jpg,056.jpg
DJI_M300_H20t_0058.jpg,057.jpg
DJI_M300_H20t_0059.jpg,058.jpg
DJI_M300_H20t_0060.jpg,059.jpg
DJI_M300_H20t_0061.jpg,060.jpg
DJI_M300_H20t_0062.jpg,061.jpg
DJI_M300_H20t_0063.jpg,062.jpg
DJI_M300_H20t_0064.jpg,063.jpg
DJI_M300_H20t_0065.jpg,064.jpg
DJI_M300_H20t_0066.jpg,065.jpg
DJI_M300_H20t_0067.jpg,066.jpg
DJI_M300_H20t_0068.jpg,067.jpg
DJI_M300_H20t_0069.jpg,068.jpg
DJI_M300_H20t_0070.jpg,069.jpg
DJI_M300_H20t_0071.jpg,070.jpg
DJI_M300_H20t_0072.jpg,071.jpg
DJI_M300_H20t_0073.jpg,072.jpg
DJI_M300_H20t_0074.jpg,073.jpg
DJI_M300_H20t_0075.jpg,074.jpg
DJI_M300_H20t_0076.jpg,075.jpg
DJI_M300_H20t_0077.jpg,076.jpg
DJI_M300_H20t_0078.jpg,077.jpg
DJI_M300_H20t_0079.jpg,078.jpg
DJI_M300_H20t_0080.jpg,079.jpg
DJI_M300_H20t_0081.jpg,080.jpg
DJI_M300_H20t_0082.jpg,081.jpg
DJI_M300_H20t_0083.jpg,082.jpg
DJI_M300_H20t_0084.jpg,083.jpg
DJI_M300_H20t_0085.jpg,084.jpg
DJI_M300_H20t_0086.jpg,085.jpg
DJI_M300_H20t_0087.jpg,086.jpg
DJI_M300_H20t_0088.jpg,087.jpg
DJI_M300_H20t_0089.jpg,088.jpg
DJI_M300_H20t_0090.jpg,089.jpg
DJI_M300_H20t_0091.jpg,090.jpg
DJI_M300_H20t_0092.jpg,091.jpg
DJI_M300_H20t_0093.jpg,092.jpg
DJI_M300_H20t_0094.jpg,093.jpg
DJI_M300_H20t_0095.jpg,094.jpg
DJI_M300_H20t_0096.jpg,095.jpg
DJI_M300_H20t_0097.jpg,096.jpg
DJI_M300_H20t_0098.jpg,097.jpg
DJI_M300_H20t_0099.jpg,098.jpg
DJI_M300_H20t_0100.jpg,099.jpg
DJI_M300_H20t_0101.jpg,100.jpg
DJI_M300_H20t_0102.jpg,101.jpg
DJI_M300_H20t_0103.jpg,102.jpg
DJI_M300_H20t_0104.jpg,103.jpg
DJI_M300_H20t_0105.jpg,104.jpg
DJI_M300_H20t_0106.jpg,105.jpg
DJI_M300_H20t_0107.jpg,106.jpg
DJI_M300_H20t_0108.jpg,107.jpg
DJI_M300_H20t_0109.jpg,108.jpg
DJI_M300_H20t_0110.jpg,109.jpg
DJI_M300_H20t_0111.jpg,110.jpg
DJI_M300_H20t_0112.jpg,111.jpg
DJI_M300_H20t_0113.jpg,112.jpg
DJI_M300_H20t_0114.jpg,113.jpg
DJI_M300_H20t_0115.jpg,114.jpg
DJI_M300_H20t_0116.jpg,115.jpg
DJI_M300_H20t_0117.jpg,116.jpg
DJI_M300_H20t_0118.jpg,117.jpg
DJI_M300_H20t_0119.jpg,118.jpg
DJI_M300_H20t_0120.jpg,119.jpg
DJI_M300_H20t_0121.jpg,120.jpg
DJI_M300_H20t_0122.jpg,121.jpg
DJI_M300_H20t_0123.jpg,122.jpg
DJI_M300_H20t_0124.jpg,123.jpg
DJI_M300_H20t_0125.jpg,124.jpg
DJI_M300_H20t_0126.jpg,125.jpg
DJI_M300_H20t_0127.jpg,126.jpg
DJI_M300_H20t_0128.jpg,127.jpg
DJI_M300_H20t_0129.jpg,128.jpg
DJI_M300_H20t_0130.jpg,129.jpg
DJI_M300_H20t_0131.jpg,130.jpg
DJI_M300_H20t_0132.jpg,131.jpg
DJI_M300_H20t_0133.jpg,132.jpg
DJI_M300_H20t_0134.jpg,133.jpg
DJI_M300_H20t_0135.jpg,134.jpg
DJI_M300_H20t_0136.jpg,135.jpg
DJI_M300_H20t_0137.jpg,136.jpg
DJI_M300_H20t_0138.jpg,137.jpg
DJI_M300_H20t_0139.jpg,138.jpg
DJI_M300_H20t_0140.jpg,139.jpg
DJI_M300_H20t_0141.jpg,140.jpg
DJI_M300_H20t_0142.jpg,141.jpg
DJI_M300_H20t_0143.jpg,142.jpg
DJI_M300_H20t_0144.jpg,143.jpg
DJI_M300_H20t_0145.jpg,144.jpg
DJI_M300_H20t_0146.jpg,145.jpg
DJI_M300_H20t_0147.jpg,146.jpg
DJI_M300_H20t_0148.jpg,147.jpg
DJI_M300_H20t_0149.jpg,148.jpg
DJI_M300_H20t_0150.jpg,149.jpg
DJI_M300_H20t_0151.jpg,150.jpg
DJI_M300_H20t_0152.jpg,151.jpg
DJI_M300_H20t_0153.jpg,152.jpg
DJI_M300_H20t_0154.jpg,153.jpg
DJI_M300_H20t_0155.jpg,154.jpg
DJI_M300_H20t_0156.jpg,155.jpg
DJI_M300_H20t_0157.jpg,156.jpg
DJI_M300_H20t_0158.jpg,157.jpg
DJI_M300_H20t_0159.jpg,158.jpg
DJI_M300_H20t_0160.jpg,159.jpg
DJI_M300_H20t_0161.jpg,160.jpg
DJI_M300_H20t_0162.jpg,161.jpg
DJI_M300_H20t_0163.jpg,162.jpg
DJI_M300_H20t_0164.jpg,163.jpg
DJI_M300_H20t_0165.jpg,164.jpg
DJI_M300_H20t_0166.jpg,165.jpg
